lynch_term_raw,n
"p. lynch, secret rav",11
nday arrive lynch,9
"lynch, penson, do",6
", some with lynch pins,",5
fied oils-d lynchy's best flo,5
"lynch, of the cou",5
lynch.,5
"nd geo. ii. lynch, j. nj. cra",5
roville and lynch,5
ersburg va; lynch,4
f mail from lynch,4
"lynch, to the pla",4
 lynch of new-york,3
"=. lynch, secret rav",3
cept sunday lynch,3
"dan. lynch,",3
e low by n. lynch.,3
"hasson lynch,",3
lynch and noah an,3
lynch's dead sea;,3
lynch's precinct ,3
"lynch, and which ",3
n. lynch.,3
"pat. lynch, chief en-,",3
prisoned in lynch's negro mar,3
"rsburg, va; lynch",3
ting in the lynch,3
 late dom k lynch of new-york,2
 montgomery lynch.,2
 of geo ii. lynch co who sue ,2
" of geo ii. lynch co, who sue",2
 of private lynch or,2
 them asked lynch if he was n,2
 vim. b. lynch.,2
" which mrs. lynch, and the bo",2
"-lieutenant lynch,",2
". payne jas lynch, judges",2
. when mr.. lynch overlook th,2
"]. r. lynch, violin,",2
aily sunday lynch,2
"ain street, lynch",2
ain street. lynch,2
ainst julia lynch late,2
and geo. h. lynch. ]. nj. cra,2
and geo. ii lynch. ]. nj. cra,2
"ational, at lynch",2
atm. lynch's,2
b lynch george ii,2
by anne c. lynch.,2
"camp ridge, lynch's",2
d cornelius lynch,2
e formed at lynch,2
e late donk lynch of new-york,2
edward l. lynch george warn,2
"edward l. lynch, george war",2
"exas by the lynch regulators,",2
f charlotte lynch,2
he banks of lynch,2
he late dom lynch of new-york,2
"hitcomb, of lynch",2
honora lynch was run ove,2
"ituated, in lynch",2
keeping. on lynch s,2
"l ""a, 81 n; lynch.",2
lemuel lynch.,2
lication of lynch,2
lieu;. lynch is of opini,2
"lieutenant lynch, of the uni",2
lynch and alderme,2
lynch and desaulc,2
"lynch and kelly, ",2
lynch and michael,2
lynch george ii,2
lynch is the only,2
lynch jas,2
"lynch penson, dow",2
lynch the villain,2
lynch was declare,2
lynch will always,2
"lynch, for the su",2
"lynch, the fugiti",2
"mr.. d. lynch, our succes",2
"mr.. nj. j. lynch, gentleman ",2
"nds of mrs. lynch, whose rece",2
of geo. ii. lynch co who sue ,2
p. lynch. secret rav,2
"rd, that =. lynch be our cand",2
red by lit. lynch,2
roville and lynch.,2
"rsburg, va; lynch.",2
"rty of said lynch, on",2
"ruly yours, lynch & davis.",2
s to end at lynchs lake will ,2
"s, governor lynch has ordered",2
sale by n. lynch.,2
"sett, lynch, mccauley, ",2
t arrive al lynch,2
t arrive at lynch,2
"t good mr.. lynch, whose face",2
ted private lynch to be on th,2
where lynch-law bears s,2
y at arrive lynch,2
yards. lynch loaded his ,2
you lynch,2
 !! and the lynch pin of phar,1
" ""a, 81 nj; lynch",1
" ""let's lynch the seo6hdf",1
 $50 due nr lynch coll,1
" + u 'h,it; lynchhufg. aiah,.",1
 ..... jas. lynch.,1
 ..w f.. 81 lynch,1
 .ow he vi. lynch,1
" 10"" by nj. lynch",1
" 1880, upon lynch greek, al",1
" 18th, %. ~ lynch",1
 2 2 struck lynch violent blo,1
 2+.'ai ii. lynch,1
" 2sth, from lynch",1
" 4ien.-mess lynch, lewis, whe",1
" 5000, mary lynch $1,000, low",1
" 6, 81. nj. lynch",1
" 6, mary a. lynch wife",1
" 6, so. nj. lynch",1
" 6,'59. nj. lynch",1
" 9, 80. 81. lynch.",1
" a judicial lynch court, and ",1
 a lynch affair in w,1
 accompice. lynch managed,1
 administer lynch,1
 ambrose s. lynch and al no. ,1
 and almost lynch,1
 and julia lynch-h. j.,1
" arc. w. b. lynch,1 - t. w. t",1
 arrived at lynch,1
 arrived in lynch,1
 as it gave lynch decided,1
 as the lynch code of the,1
" assembyman lynch,",1
 at geo. =. lynch & to vino t,1
 aud lemael lynch. and ths cs,1
" augusrln lynch. may 29, ls",1
" b. monroe, lynch, virginia.",1
 beating j. lynch after be,1
" before the lynch court, o",1
 birmingham lynch,1
" bread, and lynch your",1
 brig norme lynch li9 days fr,1
 bu.na vita lynch jos ybrendt,1
 by anne c. lynch; autumn,1
 by aunc c. lynch lines to an,1
 by lieut.. lynch from the de,1
 by officer lynch and a watch,1
 by officer lynch of the chie,1
" by officer lynch, who gave i",1
" by sneticy lynch, esq, mr. h",1
" c. russell lynch, virginia d",1
 canal from lynch,1
" capt lynch, just menti",1
 capt. w +. lynch u ). ~ subj,1
 cendiaries-lynch lato-nelos,1
 char totle lynch.,1
" check mir. lynch, however,",1
 clarke and lynch,1
" co. andrew lynch, dem.",1
" co.,, wine lynch of new-york",1
" col jainea lynch,",1
 commanders lynch and porter.,1
 concert by lynch ami re-,1
 cooley co; lynch,1
 ct al. vs. lynch--ar peal fr,1
" ct lieut.. lynch, command",1
" curne, mr. lynch mrs. frary,",1
" curtis as, lynch",1
" d. taylor, lynch, maryland d",1
" denouncing lynch, the",1
" do; hnglsr lynch, do do dol ",1
 dr.. a. a. lynch,1
 dr.. r. a. lynch,1
 dr.. s. j. lynch. hadsoa ~ i,1
" en m lynchhutg, dodson",1
 enough and lynch lei him up.,1
 except mr. lynch went to the,1
" for cornel lynch, the mozart",1
 for fear oflynch-,1
 forbestown lynch,1
" foster. j. lynch, seriously",1
" fothorly o lynch, +",1
" fugitives. lynch"" said he "" ",1
 give him a lynch trial. on,1
 going from lynchurg to gordo,1
" greer uyer lynch, stu devanl",1
 h. of air. lynch up,1
" h. yeomsls lynch, virginia t",1
 he lynch) was not di,1
 he met mr. lynch with s-n,1
 he of epen lynch % gold newl,1
 he town 0f lynchhur9 in nult,1
 his irons. lynch is represen,1
 his lieut. lynch passed down,1
" hoe. jumes lynch, member of ",1
 hon. janes lynch member of t,1
" hon. jaues lynch, member of ",1
 horrors of lynch's iaw.-n. y,1
" house near lynch's hotel, on",1
 hy officer lynch ot h- ffsl ,1
" ii. moore. lynchsurs, va; an",1
" iiodgkins, lynch. bryan, bbb",1
 inter- 1r. lynch informed me,1
 iri walter lynch. nj. arnold,1
" is john t. lynch, 80 years. ",1
" is, 81. m. lynch",1
" is, 81. u. lynch",1
" isn't ,ha, lynch's law 7-lou",1
 j ia iarrs lynch. nirgibia:,1
 j. mccarty lynch.,1
" jordan, bpvlynchs",1
" jordan, by lynch,",1
" jordan, by lynch.",1
" k. lynch,",1
" king, w r, lynch, r.",1
" knoxville, lynch",1
" knoxville, lynchhur richmond",1
 l san fran lynch,1
 l. $ davis lynch savannal- d,1
 l. captain lynch for,1
" l. s. day, lynch charleston ",1
 l. s. dsy' lynch savannah ad,1
" l4-mictael lynch, col john h",1
" l6, 81 81. lynch",1
" last, jack lynch re",1
 late donlk lynch of new-york,1
 late dou'k lynch of new-york,1
 law. and lynch's law.-c ci,1
 lecture in lynch,1
 lieuss lynch aud dale in,1
 lieutenant lynch,1
 lieutenant lynch and dala,1
 lieutenant lynch's new book-,1
 low 10y n. lynch.,1
 low by nj. lynch,1
" ls, '57. ~ lynch.",1
" lucncd, in lynchhnrgh,",1
 lynch lgw.--a lit,1
 lynch.,1
 lynch1urg republi,1
" made, near lynchs store, gar",1
" maj. david lynch,",1
" march, mr. lynch and hi.",1
 martin and lynch,1
 mary a. e. lynch; all of pri,1
 meeting at lynch,1
 messrs. j. lynch and j. van,1
" mir. david lynch, the former",1
 modified | lynch jurisdictio,1
" montgomery lynch,",1
" more lynch la,u.--itis",1
 mr. lynch has the app,1
" mr. nj. j. lynch, a gentlema",1
 much blood lynch,1
 murder and lynchtng.-a most,1
 myself aud lynch,1
" name of p. lynch, esq, as on",1
" name-it is lynch eh?""",1
 named mary lynch has,1
 not lynch. though som,1
 of geo ii. lynch x go who su,1
" of geo, u. lynch co who sue ",1
" of geo. "". lynch to who sue ",1
" of geo. fl lynch g. co,",1
 of geo. n. lynch co. wh0sne ,1
 of geo. u. lynch il co who s,1
" of geo. u. lynch l. to, who ",1
" of john a. lynch,",1
 of john a. lynch.,1
 of john a. lynch; which agre,1
" of lieut., lynch,",1
 of lieut.. lynch,1
 of lieut.. lynch ia,1
 of lieut.. lynch's expeditio,1
" of lieut.. lynch, has been s",1
" of lieut.. lynch, to prevent",1
" of maurice lynch, broads ii ",1
" of messrs. lynch & garrard, ",1
" of samo- e lynch, as stated ",1
 of she iry lynch was man vf ,1
 of the law lynch.,1
" of vim. b. lynch,",1
 oi geo. u. lynch to vino sue,1
 oil thomus lynch. 36 madison,1
 oils-lynch's pure snad,1
" ol geo. q. lynch co., vino s",1
" on geo. l. lynch,",1
" origin of lynch's la,u.-as ",1
" oro,io aud lynch",1
 oroyie and lynch,1
 ot geo. u. lynch to who sue ,1
 other late lynch executions ,1
" p. s. lynch la,u triump",1
 paid her m lynch a the tyssl,1
 payable at lynchjurg. the en,1
 payments .-lynch-,1
" payne, jas lynch. judges.",1
 payne. jas lynch judges.,1
" payne. jas lynch, judges.",1
" price, and lynchaw has made ",1
 profession lynch,1
 pruden. f. lynch. john w. be,1
 purpose of lynch,1
 purser ana lynch. ditto move,1
 purser and lynch nee,1
" ranch of p lynch, or so much",1
 recover of lynch 4,1
 removed ia lynch pias fum th,1
" rev. p. \. lynch, bish-",1
 route from lynch,1
" rutledges. lynches, but",1
" savage and lynch, they proce",1
" se, w b lynch, richmond; ",1
 seconds of lynch; that jack ,1
 services % lynch was beosuse,1
" sir robert lynch blo,se coi:",1
 skirts nj. lynch,1
 skirts. n. lynch,1
" so each j. lynch,",1
" soon reach lynch. burg, no d",1
 souru.-1he lynch,1
 state. gov lynch,1
 states and lynches or. expe:,1
" subsequent lynchirg, at leav",1
 t. geo. w. lynch.,1
 takes mr.. lynch to task for,1
" that julia lynch, niece of",1
" that young lynch, seeing his",1
" the house, lynch",1
 the law of lynch is thus des,1
 the lynch-men associa,1
 the odinls lynch code is lik,1
 the recent lynch tragedy il ,1
 the trainl lynch bimi,1
 the tunnel lynch,1
 them asked lynch if he was l,1
 then known lynch who was,1
 they would lynch me if i sad,1
" this city, lynch is elected",1
 threats of lynch,1
 to- 81. 81 lynch,1
" ton david, lynch charles.",1
 track near lynch,1
 tribune in lynch,1
 tryin' to clynch my,1
 underneath lynch and his hea,1
 undertaken lynch was net bey,1
" unknown 8, lynch",1
" ur""vlt aud lynch",1
 urovle and lynch,1
 v col thos lynch morton,1
 vengeance. lynchcour compose,1
 vienna and lynch 10 the,1
 vienna and lynch to the mout,1
 vim. b. lynch. this inval,1
" w wiley, d lynch,",1
" waed-janes lynch, edward :. ",1
 we hear of lynch-iaw. being ,1
 where dan. lynch,1
 will be in lynch,1
" wing, phil lynch.",1
" with major lynch, and who",1
 won by il. lynch; second gol,1
" yeaing the lynch.lsw men,",1
 ~ jeremiah lynch in the dire,1
""" for barry lynch at the magn",1
""" lynch.",1
""",. t"". .. lynch",1
""".' '"""" pep lynch",1
"""a ist ev p lynch of",1
"""a voiee-'lynch hi.n-)--i w",1
"""lst's lynch the scoundr",1
"""lynch 'em,"" bring",1
"""lynchs law"" has r",1
"""mr. lynch, chairman o",1
"""slsa 6g g. lynch uptvc,",1
"$3.50. lynch (dem.), is ",1
"$50, robert lynch l60, ,catha",1
"&pers. jas. lynch, president",1
"' mphbings, lynchngs, tumuts ",1
' nj. a. j. lynch.,1
'' n. a. j. lynch.,1
''lynchins in panoi,1
'59 micufaj lynch,1
'a1ge lynch. and aisern,1
'conncr and lynch account of ,1
"'s ferry on lynch's greek, wh",1
"'th, 81. vi lynch",1
"(new lynch portsmouth,",1
) at arrive lynch,1
+. lynch to tho offi,1
+. lynch vice presid,1
"+. lynch, secret rav",1
"+. lynch, secret rnv",1
", and ellen lynch, living at ",1
", commander lynch, also",1
", crenshaw, lynch, banks.",1
", dom. mick lynch, jr. franci",1
", for capt. lynch ol- dered m",1
", here give lynchs confession",1
", laughlir, lynch,",1
", mr. n. j. lynch, a gentlema",1
", q skagle, lynch, naloy p",1
", scourgdg, lynchngs and burn",1
", sir"" said lynch.",1
", some with lynch -nins,",1
", some with lynch pins",1
", some with lynch pins.",1
", some with lynch-pins.",1
", under the lynch code",1
", under the lynch code consu",1
", uo. lanes lynch member of t",1
", whereupon lynch",1
", william + lynch, paul ii",1
",,doe lynch an, alderme",1
",000 ia the lynch",1
",lin, ed~,m lynch edward bact",1
",od lynch, and this, ",1
",s.ie.-jotn lynch pstet s. go",1
",t ~ house, lynchourgh and 0p",1
"- lynch bury f,r th",1
- ration of lynch's law. carr,1
"- under lt. lynch, u. :. x, i",1
- z lynch,1
-. fnry mr. lynch mss blancha,1
-... q. lynch,1
"-four. mr.. lynch, who was",1
-i.....; vi lynch,1
"-nobs, lynch-law and the",1
-popuar fuy-lynch,1
". .uessrs., lynch, palmer and",1
. 80. vi 81 lynch,1
". and fiede lynch, requested ",1
. artiur m. lynch of south ca,1
. charlotte lynch,1
. charlotte lynch.,1
". j mcneal, lynch. s push, ch",1
. lynch irialin cal,1
". magrudcs, lynch, of balti-",1
". mareudcr, lynch, &c balti-",1
". mosby, of lynch",1
". nathaniel lynch,",1
". nelson m. lynch, shot in le",1
. payne jas lynch judges.,1
. payne jas lynch. judges.,1
. peters of lynch.,1
". rev. dir. lynch, bishop of ",1
". sir"" said lynch",1
. some with lynch pins,1
. some with lynch pins.,1
. some with lynch-pi,1
. some with lynch-pin,1
. some with lynch-pins.,1
. thomas 4. lynch entered a,1
. w. moore. lynchdufs',1
". worth, b. lynch, john",1
". worth, b. lynch, john brady",1
".""u at pat. lynch er chief an",1
.'. '.- -. lynch,1
.) jan. 15. lynch's latc.-we ,1
".,, b.sf ne lynch ns.",1
".,, wine '' lynch of new-york",1
.-mr daniel lynch,1
".. and mrs. lynch, of lynch's",1
".. dominick lynch; surgeon, j",1
.. lynch trial in ca,1
.. lynch trialin cal,1
.. thoa. a. lynch moved tssat,1
.... 100 z. lynch. ......'.'.,1
.; and gov. lynch's does not ,1
".e, adioing lynch",1
.ih. ai. 81 lynch,1
.onhn named lynch ivins ~ sha,1
.sdses lynch and noun an,1
/ lynchp do do 5 10,1
/. mr. lynch was private,1
"0 charlotte lynch, only survi",1
0 keep from lynchidg hsllt on,1
"0; and mir. lynch, whig 1888.",1
"0schr. ben, lynch, for new yo",1
"1 carharine lynch, sister to ",1
10 lynchdufg.. ....-,1
10 lynchourg. % e,1
10 lynchourg.. .....,1
10 lynchourg... 90,1
"10, 81. il. lynch.",1
10. bernard lynch and charles,1
1897 from lynchourr by ceda,1
2. lynch trial calif,1
2. lynch trial in ca,1
"2. lynch, secret rav",1
"20 hrsry lynch, president,",1
"20 the lynch party, who ",1
21th 81. ii lynch,1
"27th, '57. mlynch",1
4 + vi. lynch's,1
4 ipdse lynch and alderme,1
"4 k. lynch, of this wh",1
4 l. lynch,1
4 n lynch. and jno. a,1
4 tn dan. lynch. in march. ,1
"48, lieut.. lynch",1
5 lynch isaac,1
"5. 9 gesd ! lynch. j di,is /.",1
6 mile houselynch,1
"8-schr. ben lynch, for new yo",1
800. messrs lynch and gallott,1
81. david lynch. matthew j.,1
: er and lynch the editor.,1
: from lynche's lake to ,1
": joshua l. lynch, baltimore ",1
; and moses lynch of no.,1
"; rev. mr.. lynch, v. p. of w",1
"=. lynch charm,",1
"?. lynch, secret r&y",1
?. lynch. secret 1sv,1
"[lynch5u,g hrginia",1
a arrive at lynch,1
"a by lieut. lynch, which has ",1
a ff fg ons-lynch's pure snla,1
a lynch pin from th,1
a lynch trial being,1
a lynch trial was g,1
a lyncher's ssteen ,1
a. jaase lynch would undou,1
a. m. lynch. passed mid,1
"a. thomas b lynch, south caro",1
a9sg lynchea lake to b,1
aad charley lynch. keeper of ,1
abb deborah lynch eliza,1
"abettors in lynch executions,",1
"above, mr.. lynch's. here, al",1
"accompanied lynch, and that l",1
"acher, mr.. lynch",1
advocacy of lynch,1
aff'' m. a. lynch.,1
"against jsa lynch a,.",1
against the lynch code. devas,1
age of gov. lynch. its,1
aged in the lynchng of,1
agt. martin lynch e al-judgme,1
"ah geo; ann lynch, louisville",1
"ails, "". b. lynch, richland.",1
ains; julia lynch late d the ,1
ainst julia lynch la5 o o. 's,1
ainst julia lynch late o. tue,1
ainst julia lynch late tie ci,1
"ainst julia lynch, late o the",1
"aint geo "". lynch & to who sn",1
al arrive ~ lynch,1
al numberof lynch executions ,1
"al terms. ~ lynch co. office,",1
al3lng with lynch,1
"alb, plury, lynch, fitzimons ",1
alderman lynch thought the,1
ale low by nlynch.,1
alorie. the lynch,1
"als knocked lynch jc""n;",1
alynch trial in ca,1
amed brdsct lynch arrested at,1
amed brdset lynch arrested at,1
amed joseph lynch run over an,1
amuffins in lynch,1
an and dr.. lynch.,1
an rev thos lynch col darling,1
"an, anne c. lynch and others ",1
"an, bassett lynch, mccauley, ",1
"an, bridget lynch, margaret w",1
an. | w. l. lynch-s-n of the ,1
ana lynch the prisone,1
and against lynch violence. t,1
and anna e. lynch jewish,1
and anne c. lynch are also co,1
"and aw''-s'lynch-law"" mail r",1
and captain lynch. we make ro,1
"and geo. h. lynch, j. nj. cra",1
and geo. ii lynch j. u. crane,1
"and geo. ii lynch, j. nj. cra",1
and geo. ii lynch. ]. n. cran,1
"and geo. il lynch, j. nj. cra",1
"and helen lynch, each were ",1
and jadge lynch,1
and julia lynch,1
and lieut.. lynch,1
"and lp,ge lynch.",1
and lynch the subject,1
and lynch. the lead w,1
and michael lynch ..--...-,1
"and mr. lynch, of the ass",1
"and mr.. lynch, of the ass",1
and nj. lynch,1
and secured lynch. after yiol,1
animous for lynchng. before p,1
ann lynch judgment fo,1
"ann lynch, young abou",1
anne c. lynch: sketches b,1
another lynchisg arfarr.-,1
anseuse air lynch miss bln-,1
aper to mat lynch who will he,1
"april ""a 81 lynch.",1
"april -. "". lynch",1
aptain marx lynch in the 68h ,1
"aptain w +. lynch, u.sn",1
"arclay, and lynch, for the",1
"ard through lynch,",1
ari k.rawh. lynch nos cdeias ,1
"armer named lynch, to be judg",1
"arnes, hugh lynch, chas cory,",1
"arp nom the lynchsursh b, 100",1
"arp. mir. j lynch,",1
arrested at lynch,1
"arrive :. lynch urg "" i'm; ",1
arrive al lynche's lake sam,1
arrive at lynche's lake sam,1
arrive at lynchi urg by l2m,1
arrive at lynchl urg by ian,1
arrive at lynchl urg by l2m,1
arrive at lynchs's lake sam,1
arrive at lyncht arg by l2m,1
arrive at lyncht rg by ii m,1
arrive at lynchtu urg by i2,1
arrive at lynchturg by l2m,1
arriving at lynch.,1
ars and pat lynch can be,1
"artinsvlle, lynch",1
"ary mai ain lynch, in the a9t",1
ase-that is lynch's law. ever,1
assemblyman lynch,1
"assemblyman lynch,",1
assemblyman lynch. of this co,1
assisted in lynch,1
"asualty. j. lynch, carpenter ",1
"at capt. w. lynch,",1
at good mr. lynch. whos' face,1
at you will lynch the creatur,1
"ate john a. lynch"" &c.",1
ative hy w. lynch. / :. y com,1
atm.n named lynch was knocked,1
"aube, jerry lynch, p. ]. lie ",1
aud julia lynch tnat child,1
"aud lynch, aud probab",1
"august, lynch d. co., too",1
"auis; jcnes lynchhurs va w !""",1
aul street; lynch re-,1
"aver greer. lynch, b. meagher",1
"aves, capt. lynch.",1
"avnsh p no -lynch's hotel, s;",1
aw and mrs. lynch at philadel,1
ay a arrive lynch,1
ay arrive u lynch,1
ay. lseuiss lynch,1
b lynch george h,1
b. dcsenson lynch philadelphi,1
"baldwin, lynch, and miller",1
"bale, w. b. lynch, rchland.",1
barter. nj. lynch,1
bartholomew lynch.,1
"bayhan, w s lynch, s nj bond,",1
"benjamin lynch, who, as sp",1
bernard lynch john clarke,1
"bernard lynch-witness, wi",1
"ber~r anna lynch, le1ry clay",1
"between lynch, the americ",1
between mr. lynchs horse arie,1
ble to mr.. lynch and other c,1
bomp~nn mrs lynch mrx hushss.,1
bowels out. lynch was stabbed,1
br gertrude lynch poconoke ri,1
"bradley, p. lynch,",1
browne. sig lynchpin-a wsng-a,1
"bs a, lynch's ranch, in",1
bs. lieut.. lynch is to have ,1
bsm. hr' lynch. nh p.'e mr,1
"bsnnsf lynch, nyork; so ",1
but if mr.. lynch has to,1
by mr. lynch-to amend th,1
by mr.. lynch-that joint ,1
by mr.. lynch-to amend th,1
by mr.. lynch-to incorpor,1
by mr.. lynch-to repeal t,1
"c-,.e, enss lynch.",1
"c. harrison lynch, rome for s",1
"camp ridge, lynch's lake, eff",1
"camp ridge, lynchs",1
cans held a lynch court and e,1
capital but lynch,1
"capt id lynch, mrs turner",1
"capt isaac lynch, of schoone",1
capt lynch has made th,1
capt. lynch has rendere,1
captain lynch reports it ,1
"carine. mr. lynch, miss c. bl",1
case of h. lynch us. j. cak ,1
"casks ir ?, lynch. richmond. ",1
catharinc lynch and patrick,1
"ce and capt lynch, being a tr",1
"ce of david lynch, re-",1
"ce, ! hilip lynch; ter onsts-",1
"ceded capt. lynch, perished o",1
cells lynch stabbed yor,1
ceoy ..24ss lynch. as9,1
cept sunday lynch.,1
"cessor-w f. lynch, for",1
"ch 8, 81. n lynch",1
"ch 8, 81. n lynch.",1
ch george z lynch received ei,1
"ch ingomar, lynch, boston,",1
"ch ingomar, lynch, boston.",1
ch them and lynch them: capt ,1
chap; 7 t. lynch. c.; }. vi.,1
charley lynch. the pugili,1
"chas. lynch, sec.",1
"chas. lynch, services i",1
"child. capt lynch and lady, c",1
"chris lynch says, every",1
christopher lynch niiilamspor,1
"christopher lynch, ilamsport ",1
"clancy, mr. lynch of",1
"cn. $2j ias lynch,",1
cnssion-can lynch,1
"co lynch the in rd""r",1
"co strone lynch gesgctcvn, ",1
"coln, brown lynch, ober, asob",1
commander lynch was tempora,1
"commander lynch, u. s navy,",1
"commander) lynch, of dead se",1
"commanding lynch, which vess",1
"company of lynch, which seem",1
"con- modore lynch, for hatter",1
court-lynch what do you,1
coveey--the lynch,1
"creek, near lynch.",1
"crime, some lynch-lawyers whi",1
crossing at lynch's. the texi,1
cruvlc avid lynch,1
cssks lynch out and bro,1
"ct l6, vi. mlynch-",1
"ct le, 81. mlynch.",1
ct rev. dr. lynch says,1
ct to visit lynch & hughcs,1
"cting it of lynch,",1
"cting it of lynch, whom they ",1
"ctolen.-fro lynch's ranch, he",1
curtis n g. lynch alex shuts ,1
curtis q lynch alex2 shuts,1
cuses lynch olive sold ,1
d friend p. lynch. esq,1
"d known the lynch, mcg0eiglc ",1
"d known the lynch, mcgonicle ",1
"d nominated lynch-but one, ne",1
d said that lynch had receive,1
d second at lynch,1
d skirts b. lynch.,1
d skirts u. lynch.,1
"d that dr.. lynch, the comman",1
"d three for lynch, strange ad",1
d to bet on lynch's. though h,1
d victim of lynch,1
"d, and mr.. lynch's",1
"d, and then lynch's laeo woul",1
"d, known as lynch's ranch",1
"d, known rs lynch's ranch",1
"d- lieut., lynchs report of ",1
d. lynch 70 m. marga,1
d. mr.. mat lynch mounts,1
damei lynch. ..--.-.,1
dan. lynch,1
daniel lynch of no. il b,1
daniel lynch: pent-ntary,1
dant. jacob lynch cannot be l,1
"dant. jacob lynch, cannot be ",1
de democrat lynch,1
de of juage lynch. after all,1
death lynch was arreste,1
"ded of mr.. lynch,",1
della mr. lynch quite young,1
"den lynch caa, guset ",1
dent of the lynch5urg,1
diana ranch lynch,1
"dickson & lynch cultivaior,",1
"dickson & lynch, one horse ",1
"dickson d lynch, two horse ",1
"diet of a lynch jury""",1
"disclosures lynch,",1
"disclosures lynch, of",1
"dise, w. b. lynch,",1
ditional of lynch,1
dly to mr.. lynch il states t,1
do lynchhug. 90,1
"doa, barnev lynch",1
"dominic lynch, but this i",1
"dorsements, lynch. notices of",1
dr. lynch bishop of c,1
"dr.. m. j. lynch, two democr",1
"drdge where lynch left u,e",1
"drich, chas lynch, jerry",1
drick. lynch. matthews. ,1
"driver, mr. lynch. 1t",1
duncan l. lclynch.-there is e,1
"dutty jahes lynch, cha pro ie",1
"e arose, as lynch cut al",1
"e bluff; e. lynch, cotton pla",1
"e democrat, lynch",1
"e democrat, lynch, esq",1
e dtc bom h lynch of new-york,1
e eau. hit. lynch-law would b,1
e for jancs lynch for sheriff,1
"e grove--p. lynch, j. w. scob",1
e interest. lynch6arg virgani,1
"e late dcmk lynch of newyoik,",1
e late doik lynch of new-york,1
e late doml lynch of new-york,1
"e late tomk lynch ""f new-york",1
e living in lynch,1
e low by il lynch.,1
e low by n. lynch,1
e low by n. lynch. id,1
e low by u. lynch,1
e lyncb mrs lynch called in f,1
e merits of lynch,1
e nugatory. lynch,1
e of joseph lynch upon the ba,1
e proud of. lynch is of cours,1
e to paying lynch. ordered on,1
e to secure lynch. in the alb,1
e was jimmy lynch,1
e woods and lynch hin-- which,1
"e, alderman lynch was",1
"e, augustus lynch, a. b. vaug",1
"e, g. t. q. lynch",1
"e. peets 5; lynch & dodson, ?",1
"e. thos. j. lynch, f. iii. co",1
"each him a, lynch5uis lrepuo.",1
"ead, by mr. lynch and others.",1
eader jimmy lynch will be she,1
"eaily duffy lynch hines, tivo",1
eaiy duffy lynch hines tivol,1
"eakers mr.. lynch, informed",1
eased while lynch,1
eat captain lynch may say 1t ,1
eatened wrh lynch ia unless b,1
eathered by lynch,1
"eav ard l. lynch, gepfse y a",1
ecwsid l. lynch. george war,1
ed by capt. lynch. they ar,1
ed by lynch tribunal an,1
ed that joe lynch has arriv.,1
ed the door lynch in the stor,1
ed to capt. lynch.,1
"ed up, mr.. lynch brother of ",1
"ed with ann lynch, tired on",1
"ed, that r. lynch be our cand",1
ed. anne g. lynch,1
"edw.rd l. lynch, george war",1
"edward l. lynch, geoyte war",1
"edward l. lynch, gewse va a",1
edward l.. lynch agt. jsmos ,1
eeentcd the lynches and the r,1
"eele, flagg lynch, brownel an",1
een made az lynch,1
"eet, daniel lynch. edward x h",1
"eet. daniel lynch,",1
"egan, lowe, lynch, mdgee,",1
egiger from lynch,1
egroes--the lynch,1
"ehension of lynch, who commit",1
"ehi i srsss lynch cp5l,.,oa 7",1
eholders in lynchlng him. why,1
"ehoonsu-ben lynch, wllmdston,",1
"ek to capt. lynch, commanding",1
"el dominick lynch, le~is ssrt",1
election of lynch is,1
election of lynch was,1
elieve that lynchaw necessary,1
"ell and geo lynch, judges",1
ell. let lynch court comme,1
ellow named lynch alias willi,1
ely escaped lynch,1
emoving the lynch pms of ha t,1
empt of the lyncher to that e,1
en edward a lynch wing and jo,1
en here and lynch,1
"en, anne c. lynch, mrs (. nj.",1
"en, anne c. lynch, mrs c. m k",1
enalties of lynch,1
"ence of mr. lynch, he desstec",1
"enchantiess lynch sesshnahi """,1
"ender: jahs lynch, native of ",1
enefit mr.. lynch alone.,1
england. if lynch should be e,1
"enough"" and lynch let him up.",1
"ensued, and lynch struck ""sfa",1
ent of dan. lynch and nj.,1
"ents. phil. lynch, however, w",1
entucky and lynch them.,1
ep sunday m lynch,1
ept q wife. lynch is q shoe,1
equal n mr. lynchs,1
er brown or lynch,1
er flsrusry lynch. heyfor>i e,1
"er lightner lynch, mathews, m",1
"er out, and lynchcd him,",1
er to thom1 lynch presented t,1
"er was thps lynch, he was in ",1
"er's ferry, lynch.",1
er. lieut.. lynch beng her ex,1
"era 'erm, m lynch q co. offic",1
erican. mr. lynch,1
erieter and lynch billiard,1
erritt ads. lynch-verdict con,1
ers for jim lynch colloquial ,1
"ers, hicks, lynch, neale, and",1
"ersburg, va lynch",1
ership of p lynch esq phelim ,1
"erson, near lynch",1
es and jane lynch aged three ,1
es with mi. lynch. deo's o',1
"ese for w b lynch, richmond. ",1
ess bernard lynch-both in bro,1
ess.-lieut. lynch,1
"ession.-mr. lynch, chairman o",1
essrs hugus lynch. searight s,1
et chandler lynch,1
et fight il lynch,1
et the lion lyncher pass.,1
etmaster--e lynch--mayer bros,1
"etter of p. lynch, esq, of ne",1
"etween mir. lynch, the propri",1
"eut.. w. f. lynch, of the u. ",1
"ev. messrs. lynch, conror, bo",1
"ever, youdg lynch va",1
ewhere near lynch,1
examples of lynch,1
exander lynch a ornngest,1
executed by lynch,1
ey tried by lynch court.,1
ey-cgtnslns lynch. mr. herber,1
eys bridge. lynchwood and per,1
e~aro z. lynch. 3eojye wzy,1
f commander lynch,1
f commander lynch for the con,1
f commodore lynch for hattie,1
f mail from lynchourg say,1
"f nov, near lynchlur~",1
f of george lynch.,1
"f oroni a""d lynch",1
f orove and lynch,1
f thomas }. lynch aged ~ year,1
"f. lynch henry, w. n",1
f. lynch the brig ca,1
"fat. lynch, chief en-,",1
"fat. lynch. chief em.,",1
"fch o, b. n lynch",1
fdrgery vim lynch. bow wes ar,1
fe domipick lynch and george ,1
"fee of lynch & garrard, ",1
"fee, mrs lynch, mrs haywoo",1
"feld, jimmy lynch, and",1
"fitzstephon lynch, came to th",1
flynchourg........,1
"for cash d. lynch,",1
formerly at lynch $,1
formerly at lynch s,1
fought mr.. lynch was in warr,1
found mr. lynch man decided,1
"fran els q lynch, of this ci",1
friend lynch was then ca,1
"friend lynch, sacramento",1
"friend mr.. lynch, memh er oi",1
"from lynch's precinct,",1
from lynchc's lake to ,1
"from mr. lynch, resident o",1
"from such a lynch-killing, mo",1
from the lynch6utg ilyg- g,1
fry neptune lynch. ~,1
"g a'fiia ""a lynch, who leaves",1
g else than lynch,1
g man named lynch was stabbed,1
"g mdse, w b lynch, richmond; ",1
g threats oflynch;ns him,1
g towns and lynch,1
g. harrison lynch; special su,1
"gardner and lynch, the two",1
gcther-thc lynch pin.,1
"ge of jimmy lynch, the",1
"geles; lynch, placer she",1
genge ii r. lynch cornelius \,1
geo synack lynch san francis,1
"geo. "". lynch.",1
"geo. ii. lynch, appointed ",1
"gerty, jas. lynch.",1
ges; joseph lynch for fitzpat,1
ght between lynch and kelly t,1
ght between lynch and kelly. ,1
"ght between lynch, aaron, and",1
"ght between lynch, american, ",1
"ght between lynch, the americ",1
ght minutes lynch,1
ghts of man-lynch,1
gianscldder lynch,1
ginga.--the lynch,1
gled by the lynch,1
"gler, david lynch.",1
"gn,esi chas lynch, r. h. glas",1
gov lynch has been ap,1
gov lynch transmitted,1
"government. lynch, democrat, ",1
governor lynch has offered,1
great lynch in exeter c,1
"gus, ""jndge lynch is sbaring ",1
"h dist-, at lynch a co.'s",1
h lille aud lynch,1
"h year, and lynch",1
"h year, and lynch, of south c",1
h. eliy iif lynch aud ms adai,1
h. lynch for school ,1
hair. young lynch expired,1
"han case of lynchlng, per-",1
"harrington, lynch il mccor",1
"harrison, lynch, w clark, y",1
"hasson lynch, in tn. cir",1
hat lieut.. lynch,1
hat lieut.. lynch.,1
"hat messrs. lynch & co, near ",1
he 26th for lynch,1
he city. if lynch,1
"he claim of lynch & co., adjo",1
he country; lynch had been in,1
he heart at lynch,1
he house 10 lynch the,1
"he jail and lynch lowe,",1
he late dom lynch of new-y or,1
he mines of lynch-,1
he of ephen lynch % gold newl,1
"he river at lynch's ferry, wh",1
he river in lynch. burgh betw,1
he store of lynch brothers.,1
he system oflynch-,1
"he two, aod lynch took his ir",1
he would be lynch,1
hed by mr.. lynch.,1
hee-messrs. lynch.,1
heir act of lynch,1
heir birth.-lynchjurg (ya.),1
"hern and j. lynch, are the",1
hether mr.. lynch would like ,1
hich lieut. lynch,1
hich met in lynch,1
hin lynch kimiscudde ,1
hine. seely lynch jones. chld,1
his country lynch iad 1t ofte,1
his life by lynch aw and bis ,1
hn and mary lynch aged months,1
"hn lynch, thos berry",1
"hner lilly, lynch, means, mar",1
"hnsonvilie, lynch's",1
"hnsonville, lynch's creek and",1
hnston lbr) lynch linsan. c. ,1
"holman mix, lynch, mir kavana",1
hon. jaines lynch member of t,1
"hose of the lynch order, and ",1
hose of the lynch order. and,1
"hr l. dsyis lynch, wannstoa, ",1
"hr. geomsp, lynch yirsinis da",1
"hrm of lynch il dotson, ",1
"hs ingomar, lynch, georgetown",1
"hs8, 81 a5@ lynch.",1
"hsons lbrl lynch 81 johns, m",1
"ht minutes, lynch was declare",1
"htentine, s lynch, l. marcuss",1
"htnet lilly lynch,",1
hudson city lynchisg. .case-s,1
"hughes lynch, in another",1
hy does mr. lynch 60 to,1
i 10 d.. n. lynch,1
i a private lynchng scrape to,1
i ieutenant lynch's new book-,1
i l' .i e.. lynch,1
"i lynch, mss blanch",1
i lynch. of van bur,1
"i messrs. lynch, mckaig and",1
"i oactur lynch remarks, in",1
"i wsss w,ss lynch from from v",1
"i"" iohn lynch,s i4th do i",1
i'd lynch vs. mercer ,1
i'll. w. lynch,1
"i, from mrs lynch, of rooseve",1
"i, that j.. lynch he our cand",1
"i. ""a 81 h. lynch.",1
"i. -, 81 n. lynch",1
i. lynch 10 the offi,1
i.. -. lynch,1
i.. anne c. lynch hi. suspici,1
i.. anne c. lynch. ihi' suspi,1
"i6 lynch, hasting x ",1
"ia lynch, bait. w br",1
"ian and dr. lynch, members of",1
ichmond and lynch.,1
ieave lynches lake thur,1
"ief justice lynch, on the 18t",1
"ies, called lynch",1
if mr.. lynch fancles tha,1
ii lynch,1
"ii lynch inc a'tss, ",1
"ii of lynch"" or, rs the",1
ii ~ssl lynch = 70 ~ nn ~,1
ii. lynch,1
"iie king or lynch eaters, ia ",1
iii ambrose lynch. e q. the s,1
iii. lynch.,1
iiss lynch sir. st joh,1
"iivities of lynch, who",1
il %. 81 h. lynch,1
il -. 81 h. lynch.,1
il jodge lynch was in town,1
il lynch dsnets are ,1
il-6 casses lynch's salad oil,1
il-8 casses lynchs salad oil ,1
"iley wright lynch, freese, tu",1
"ills pa'l,p lynch george w. w",1
"ilson, levi lynch,",1
ily (exccpt lynch,1
ilz michael lynch,1
"iment a. w. lynch, company e ",1
in cdina lynchs expedition,1
in favor of lynch or tweed. a,1
in favor of lynchipg the part,1
in london:--lynch. fir.,1
in lynch l9ta-.elear,1
"in lynchsurg, ""iiolo",1
in the lynch's precinct ,1
"in, abraham lynch and margare",1
"in, michael lynch.",1
"inated pat. lynch for the ""li",1
"ination to ""lynch vsgaboni vi",1
indian lynchin0 afpalr.-,1
"indians, &c lynch's expeditio",1
infict lynch-law upon of,1
ing appegi. lynch ofi,1
ing lynch idd il appr,1
ing to mr.. lynchs state,1
ing towards lynch. than z hav,1
"ing with lynch, and ww ran",1
ink of anna lynch as golden l,1
inl win. a. lynch firss,1
"ins sanford lynch,",1
ins saniord lynch,1
inst barney lynch for an alle,1
int geo. n. lynch co wao sue ,1
int geo. ~. lynch & to who su,1
"ion of mr.. lynch, appointing",1
"ion of mr.. lynch, whose name",1
ion of mr.. lynch.,1
ion to hugh lynchs sunken lot,1
"ions about ""lynchng"" etc., as",1
iot-pstiick lynch aud jane,1
ipated mr.. lynch into the ce,1
"ips sanford lynch,",1
ips. messrs lynch and murphy,1
ir tools 10 lynch and murder,1
ird between lynch and eaton;,1
irection of lynch's ferry on ,1
irginia-the lynch,1
irty yards. lynch loaded his ,1
"irunks, w b lynch, richmond; ",1
"is name wm. lynch, of inc fol",1
"is name wm. lynch, of the e l",1
"is name wm. lynch, of the fol",1
"is name wm. lynch, of the l5l",1
"is, john r. lynch, james",1
"is, newell& lynch, ]. a. mart",1
ision q tbe lynch vsf5ictis d,1
"ison, hume, lynch,",1
"iss 8 lynch, notary, vi",1
iss anne g. lynch.,1
"iss emma c. lynch, the poetes",1
issippi ifa lynch club is per,1
istricts of lynch,1
"it of lynch, whom they ",1
itchell and lynch is estimate,1
"itchell and lynch,",1
ith captain lynch thrown in t,1
"ith, george lynch, b. b. benn",1
itor of the lynch,1
iven of the lynch,1
ivorce e o. lynch and mar,1
"izards, mr. lynch will have h",1
j arnold c. lynch and 2ss in ,1
"j. 81 tyor lynch, snow hills",1
j. lynch nj d.,1
"j. lynch, sam. m. bo",1
"j.r lynch, manager.",1
jadges lynch and noah an,1
"jadse lynch, ed alderme",1
jadye lynch charged the,1
"jaime. lynch "" tie mayor",1
james w. lynch has been ar,1
"james w. lynch, indian riv",1
jane. lynch william j. ,1
"janr lynch, al no. 6l7",1
"jas. :. lynch, cashier. o",1
jas. lynch. attorney,1
"jas. s. lynch, cashier. o",1
"jeremiah lynch, pen maker,",1
jerry lynch has paid fi,1
"jimmy lynch"" don't coun",1
jimmy lynch. when the n,1
"joe lynch, the day be",1
john 4. lynch w ! of n e ,1
john a. lynch,1
john r. lynch w of / and ,1
"john. "". b. lynch cusn",1
"jomx lynch & co, have ",1
"jonas smith lynch, wilmington",1
"joseph lynch, while enga",1
"josn lynch, jackson st",1
jsdge lynch has recentl,1
"jsdres lynch aud noah, a",1
"judge, lynch and noah.",1
judpr lynch and aids. l,1
"judse lynch, ed alderme",1
juice lynch's court.-or,1
"julia lynch, then an in",1
justifiable lynchina.-the fol,1
k a note of lynch &,1
k-one named lynch. the other ,1
k. we don't lynch a man,1
kaig and lynch as the comm,1
katy olynch.' in few mi,1
keeping. on lynch $,1
keeping. on lynch's,1
keeping. on lynchs,1
kept by mr. lynch also grocer,1
kman do jnu lynch de-;,1
kns and jim lynch were arrest,1
l 'crms. m. lynch co once @oe,1
l -i 81 id. lynch.,1
"l 81, 81 m. lynch",1
l and chas. lynch,1
l arrive al lynch,1
l ecs secoi lynch delaware ci,1
l number of lynch-aw executio,1
l terms. m. lynch co office ~,1
l terms. m. lynch co. office ,1
"l, james h. lynch",1
"l, nelson n lynch,",1
"l, who shot lynch on july",1
"l. y. davis lynch, savannah, ",1
l.madee and lynch:,1
"l6, 81 iii. lynch.",1
"l6, 81. il. lynch.",1
"l6, 81. nj. lynch",1
l6. 81. nj. lynch,1
"lag officer lynch, and ir few",1
"lar and dr. lynch, members of",1
lars of tae lynchiug of four ,1
late domk | lynch of new-york,1
late lynch faw outrage,1
lately from lynch,1
"laughin, lynch, and many o",1
"lavnd l. lynch, george war",1
lay phillip lynch stratton w.,1
ld him that lynch had forged ,1
le low by m lynch,1
le low by m.lynch.,1
"le to jimmy lynch, was re",1
leave lynch5urg every m,1
"leave lynchhurs monday,",1
left sunday lynch,1
len ephraim lynch jerry,1
let him 90. lynch may,1
"ley, hasson lynch, vim. brlck",1
"ley, lynch. elimaker, ",1
"li1zie lynch, both of th",1
"liam lynch, black sail",1
lication of lynch's code.-lpe,1
"lication of lynchsw, the affa",1
lientenants lynch and dale,1
lieu;enants lynch and dale,1
"lieut. lynch, of the it,",1
"lieut. vice lynch, promoted v",1
"lieut.. lynch, of the uni",1
lieutenant lynch's claim to ,1
lieutenant lynch. |. :. navy,1
"lightner lynch, matthews, ",1
"lin and mt. lynch, all member",1
ll justify 'lynch,1
"ll margaret lynch, who keeps ",1
"ll us, dir. lynch! that you a",1
"ll, brother lynch. pour in",1
"llasson lynch; 9th, alexa",1
lliam lynch-both liv-,1
"lliam y. y. lynch, trustee;",1
"lores, like lynch, that sea",1
loved we of lynch,1
"low by :, lynch.",1
low by iii. lynch.,1
low il lynch,1
lowers. llynch6urg virgini,1
lsh do2tuwn lynch,1
"luqueer ard lynch streets, be",1
ly 6. 80 n. lynch.,1
ly 6. 80 vi lynch.,1
ly hit mr.. lynch in the bone,1
ly mrs mary lynch died,1
"ly wounded. lynch, though",1
"lyman, lynchgny, ia.",1
"lynch & co, are d",1
"lynch & co., near",1
lynch also arrest,1
lynch and all the,1
lynch and bowie t,1
lynch and mics si,1
lynch and nct and,1
"lynch and noah, a",1
lynch and the cou,1
lynch and wife th,1
lynch at once est,1
lynch aud luqueer,1
lynch aw the offe,1
"lynch beth,ah e. ",1
lynch bros. who h,1
lynch called in e,1
lynch code of pro,1
lynch code. one w,1
lynch concluded y,1
lynch court has h,1
"lynch court, seiz",1
lynch ded leaving,1
lynch delivered i,1
lynch did so not ,1
lynch e h,1
lynch e ii,1
lynch elias murra,1
"lynch esq, editor",1
lynch execution. ,1
lynch faw---three,1
lynch for some un,1
lynch for the sul,1
lynch furnishes t,1
lynch his officer,1
lynch house and l,1
"lynch il co., sti",1
lynch insisted on,1
lynch ireland; mr,1
lynch is doing we,1
lynch is triumpha,1
lynch it argued t,1
lynch j house & l,1
lynch j.; wm. n. ,1
"lynch jeremiah, h",1
lynch john 8,1
lynch john y,1
"lynch john, one h",1
lynch john-2,1
lynch john-2 levy,1
lynch lar at edin,1
lynch las had the,1
lynch lav-1wo neg,1
lynch lava man by,1
lynch lava public,1
lynch makes affid,1
lynch mary wylie ,1
lynch meeting on ,1
lynch miss adar a,1
lynch neared the ,1
lynch of fall riv,1
lynch of the new ,1
lynch of the same,1
lynch on thursday,1
lynch on wednesda,1
lynch oor some ye,1
"lynch over brown,",1
"lynch pat, sergea",1
lynch people and ,1
lynch placed tria,1
lynch preferred c,1
lynch presented t,1
lynch president o,1
lynch president t,1
lynch reports it ,1
lynch rig.,1
"lynch s. co., nea",1
lynch saded from ,1
lynch secretary,1
lynch should be d,1
lynch ssa hsya to,1
lynch st. andrew-,1
lynch that in the,1
lynch the conduct,1
lynch the holy la,1
"lynch the latter,",1
lynch the only ju,1
"lynch then away, ",1
lynch thomas w,1
"lynch timothy, ho",1
lynch to help m. ,1
lynch to the plai,1
lynch too is not ,1
lynch trial and h,1
lynch was al mont,1
lynch was at the ,1
lynch was brought,1
lynch was deferre,1
lynch was nominat,1
lynch was on the ,1
lynch was the mos,1
lynch well known ,1
lynch were expose,1
lynch with brick ,1
lynch with every ,1
lynch wv broonn.i,1
"lynch""",1
lynch's,1
lynch's court a f,1
lynch's court.,1
lynch's dead sea ,1
"lynch's dead sea,",1
lynch's dsad sea;,1
lynch's hotel,1
lynch's hotel-at ,1
lynch's hotel; in,1
"lynch's house, s.",1
"lynch's house,. s",1
lynch's house.. s,1
lynch's lake.,1
lynch's letter th,1
lynch's message w,1
"lynch's ranch, an",1
"lynch's ranch, ni",1
"lynch's ranch, si",1
lynch's ranch--p.,1
lynch's they were,1
"lynch's, not murp",1
"lynch, , mary",1
"lynch, 94s delane",1
"lynch, = grand nj",1
"lynch, accompanie",1
"lynch, all member",1
"lynch, and many o",1
"lynch, and mrs l.",1
"lynch, and our pr",1
"lynch, ard las. a",1
"lynch, at new tow",1
"lynch, attempted ",1
"lynch, but being ",1
"lynch, but owing,",1
"lynch, cd captain",1
"lynch, col. g. g.",1
"lynch, commencing",1
"lynch, convict. w",1
"lynch, cornelius ",1
"lynch, d d.. who ",1
"lynch, daughter o",1
"lynch, dixon, cul",1
"lynch, do; matthe",1
"lynch, edward p. ",1
"lynch, esq. after",1
"lynch, five enter",1
"lynch, for savann",1
"lynch, g. g. newm",1
"lynch, has disapp",1
"lynch, have been ",1
"lynch, however, r",1
"lynch, j. b. broo",1
"lynch, john bouch",1
"lynch, john warte",1
"lynch, joseph c. ",1
"lynch, lewis, mal",1
"lynch, lst lieute",1
"lynch, music by s",1
"lynch, no h. henr",1
"lynch, of queen a",1
"lynch, of secret ",1
"lynch, of the uni",1
"lynch, of tuscalo",1
"lynch, on saturda",1
"lynch, pehson, & ",1
"lynch, pension, 4",1
"lynch, pensun, do",1
"lynch, pessos 4 d",1
"lynch, president ",1
"lynch, r. nj. dub",1
"lynch, retired.",1
"lynch, roane, hin",1
"lynch, that the s",1
"lynch, the champi",1
"lynch, the poetes",1
"lynch, thos. lawr",1
"lynch, threw him ",1
"lynch, tie mozart",1
"lynch, u. s. navy",1
"lynch, w. s. jone",1
"lynch, were found",1
"lynch, which had ",1
"lynch, who has fi",1
lynch-at greenpoi,1
lynch-n brooklyn ,1
lynch-n this city,1
lynch-on the oth ,1
lynch-sw principl,1
lynch. ...s,1
lynch. and bresna,1
lynch. both iieut,1
lynch. cchasset l,1
lynch. commander ,1
lynch. coppersmit,1
lynch. dead sea e,1
"lynch. esq, by sa",1
lynch. hiss cssti,1
lynch. ii is . th,1
lynch. ii will co,1
"lynch. jones, alt",1
"lynch. merryman, ",1
lynch. mr. johnso,1
"lynch. of ill.,. ",1
lynch. preside. t,1
lynch. sad. affix,1
lynch. seconds jo,1
lynch. the appeal,1
lynch. the editor,1
lynch. the organi,1
lynch. the sherif,1
lynch. to the pla,1
lynch. whose husb,1
lynch; 7ist union,1
lynch; surgeons s,1
lynchcrs. driskel,1
lynches lake thur,1
"lynches, to confe",1
lynchfvg 'peertng,1
lynchgng in shast,1
lynchhnrv .......,1
lynchinc. some sp,1
lynchincts-1s5 an,1
lynchine in ponro,1
lynchine on satur,1
lynchine.-on the ,1
lynchisg chinamen,1
lynchixg in misso,1
lynchjurg the fam,1
"lynchl urgh, va, ",1
lynchlng when he ,1
lynchlsg a seduce,1
lynchlurg that th,1
lynchng in santa ,1
lynchng some of t,1
lynchng the priso,1
lynchng.-w learn ,1
lynchnurch ii j j,1
lynchp. do do 20,1
lynchrurs. novemb,1
lynchs hotel-m. x,1
lynchtne at baton,1
lynchtng in keytu,1
lynchwood from ti,1
lynchwood from tl,1
m arrive al lynch,1
m arrive az lynch,1
"m hon jamos lynch, member of ",1
m hon janes lynch member of t,1
m ion junes lynch member of t,1
m kings: mi lynch,1
m lynch,1
"m of lynch clarke,",1
m to be mr. lynch oi onr s''y,1
"m"" mt, from lynch",1
"m, daggett, lynch",1
"m. j. lynch, of illinoi",1
m. lynch.,1
"m.lynch,",1
"made by mr. lynch in person, ",1
"magure mary lynch, (tke girls",1
"major david lynch, formerly p",1
"major david lynch, of",1
major lynch was noted f,1
"man lynch, well known",1
"man named lynch, refugee fr",1
"man, or lynch an abolitio",1
"mander lynch, and also i",1
mander w t. lynch of the unit,1
"mann, 1856; lynch,",1
"mar, capt lynch. has alread",1
mary lynch was dischar,1
"mber river, lynches creek,",1
"mbia, r. s. lynch o",1
"mcclure, ?. lynch, vim. a. jo",1
"mcclure, p. lynch, vim.",1
"mclaughlin, lynch, j d foss-t",1
"mdse, w. b. lynch, richland; ",1
"mdse, w. b. lynch, richmond; ",1
"me f. lynch, both of vi",1
"me of capt. lynch, but still ",1
me of jsmes lynch for sheriff,1
me of thos. lynch,1
"me. the man lynch,",1
"med barnard lynch,",1
"med michael lynch, has",1
med name of lynch at this pla,1
men are the lynch jury.,1
ment he and lynch were both s,1
ment of the lynches kept guar,1
mesfrs. lynch and engs sp,1
met lynch in the soci,1
mg fhos j. lynch of no 81 ro,1
mhse lynch james esher,1
mi. lynch moved to am,1
michael lynch admitted a ,1
"michael lynch oiu,iy udic",1
"michael lynch, aged 26 ye",1
michael lynch. w. l. engl,1
"michel lynch, theatre al",1
"miles below lynche's ranch, o",1
mir. lynch.--was tendi,1
"miss maria lynch, of claremo",1
"miss mary lynch, assislasia",1
"missing-mr. lynch, overseer o",1
"mith, capt. lynch from viii",1
"mix. lynch, the popula",1
mlynchphrg........,1
mold for lynch and conclud,1
"mon richard lynch, geo. cls.n",1
more lynch iaw.-last w,1
more lynchine.-the st.,1
"more lynchisg, ""a corr",1
more lynchlng at the s,1
motto which lynch,1
mr. iii. lynch is also eng,1
mr. lynch here rose a,1
mr. lynch man of poli,1
mr. lynch of tie iris,1
mr. lynch offered res,1
mr. lynch raised the ,1
mr. lynch received th,1
mr. lynch to the citi,1
mr. lynch yoa enliste,1
"mr. lynch, drew up th",1
"mr. lynch, on the yub",1
"mr. lynch, the antago",1
mr. lynch.,1
mr. lynch. charged wi,1
mr. lynchs report of ,1
mr. michael lynch. in .b;,1
"mr.. 'sp. lynch, editor pla",1
mr.. d. lynch. our succes,1
"mr.. daniel lynch, of",1
"mr.. daniel lynch, of this ci",1
"mr.. daniel lynch, the tour",1
"mr.. geo g. lynch, of will",1
"mr.. jane, lynch ha, put for",1
"mr.. jane, lynch has put for",1
mr.. lynch 10 remain t,1
mr.. lynch deserted do,1
mr.. lynch for sheriff,1
mr.. lynch is elected ,1
mr.. lynch moved to ex,1
mr.. lynch nalne at th,1
mr.. lynch spoke in re,1
mr.. lynch the popular,1
mr.. lynch was aware o,1
mr.. lynch was one of ,1
"mr.. lynch, ain keyans",1
"mr.. lynch, of califor",1
"mr.. lynch, of san fra",1
"mr.. lynch, of tie ass",1
"mr.. lynch, on leave, ",1
"mr.. lynch, the assist",1
"mr.. nj. j. lynch, a gentlema",1
mroad.--the lynch,1
mrs baker lynch city,1
mrs. jupge lynch.-on the io;,1
"mrs. lynch, mrs. smith",1
ms house in lynch,1
much of the lynch,1
"muel lynch, esq, in hi",1
murder and lynch lava letter,1
murder and lynch-law in texa,1
murder and lynchine. we copy,1
murder and lynchiyg in texas,1
murder and lynchlng at san a,1
murders and lynch executions,1
"n brown and lynch"" at o'clock",1
n commander lynch to whom the,1
"n commander lynch, to whom th",1
"n cral e~ms lynch co. once, 8",1
n lynch.,1
n sr..==w 4 lynch,1
n that m so lynch expects her,1
n that mr.. lynch did actuall,1
"n that mr.. lynch, who was en",1
n tor julia lynch decided tha,1
"n was named lynch, formerly c",1
n was named lynch. formerly c,1
n which the lynchoutgn ign'an,1
"n+commander lynch, who lately",1
"n, by capt. lynch, the accomp",1
"n, dominick lynch, thos m",1
"n, gave him lynch trial. and ",1
"n, jarnes w lynch",1
"n, jnnes b. lynch list lieute",1
"n, lefever, lynch, mathews mo",1
n. ed~sd l. lynch. receiver o,1
"n. jeremiah lynch, who",1
n. lynch,1
"n. lynch,",1
"n; ingomar, lynch georgetown,",1
"nah fgyous. lynch, clincotea-",1
name is lynch,1
name is lynch.,1
named lynch was shot in,1
nant george lynch,1
"nargare: lynch, assaultinc",1
nbula-evina lynch rodof,1
"nce of gov. lynch, neal. jack",1
"nce, father lynch. mr. l.. ga",1
"ncontre, in lynch",1
"nd 20 cases lynch is 49, less",1
nd gave him lynch's law. that,1
nd geo. ii. lynch. ]. nj. cra,1
nd i.einuel lynch. and the ot,1
"nd let sv r lynch """,1
"nd mary ann lynch, for harbor",1
nd of capt. lynch,1
nd of capt. lynch iof-,1
"nd of capt. lynch, formerly o",1
"nd virginia lynchhug, virgini",1
nd vs. vim. lynch-this was an,1
"nd, captain lynch, informs me",1
ndanscudder lynch,1
nder vim f. lynch; sd as,1
nders. dr.. lynch was called ,1
"nderson and lynch,",1
"ne to capt. lynch, of the",1
neer isjoan lynch remaa md ch,1
"nels 3,7li, lynch 2,87i, harr",1
"ner, lilly, lynch, marshall, ",1
"ners by the lynch process, if",1
nerves lynch new levce s,1
"nes' leske, lynch. meredith n",1
nessrs hsgh lynch 4 co.. s w ,1
newpall. lynchourgh; a. c.,1
nflicted by lynch,1
ng man from lynch-,1
ng of w. b. lynch. t. d. chun,1
ng to elect lynch.,1
"ng to move. lynch, at hearing",1
"nged under ""lynch's law"" has ",1
"ngeles, lynchng in",1
ngs of mr.. lynch's,1
nguine that lynch will cut,1
"nhope, jas. lynch",1
"nhope, jas. lynch,",1
"nhope, jas. lynch.",1
nia. wm. f. lynch of virginia,1
nificant of lynch q,1
night leave lynchdug at and,1
night leave lynchhgg h. and,1
night leave lynchhng,1
night leave lynchoufs at ana,1
"nis ""l join lynch. and 10 me ",1
nizing with lynch,1
nj 4. j. j. lynch commission ,1
nj cole air lynch. miss adah ,1
nj g ii al lynch.,1
nj. lynch,1
"nk so, mir. lynch"" my name is",1
nkin--f. ]. lynchs,1
"nklin, mr.. lynch, and mr.. l",1
nley and p. lynch,1
nlynchourg... ....,1
nlynchpurg... ....,1
"non,"" mr.. lynch retreated t",1
"nown as the lynch, mcgonigle ",1
nquette. as lynch was seated,1
"nrrs, named lynch and",1
"ns sanford, lynch",1
"nsa7ee.-lie lynch, of the",1
nscudder on lynch,1
nship no. 2-lynch's hotel at ,1
nship no. 2-lynchs hotel at l,1
nspector p. lynch; judges; l.,1
nt o geo. h lynch & co who su,1
nt of capt. lynch of virginia,1
nt of j. r. lynch.,1
"nt, aud uri lynch had escapai",1
ntgomery at lynch,1
nthey would lynch every that ,1
"nts, aud p. lynch and",1
nuty daniel lynch,1
"o $4,000 on lynch's election ",1
"o 'as janis lynch, l9' west s",1
"o edward y. lynch, t alphonse",1
o supersede lynch,1
"o thomas h. lynch; autsnt, th",1
"o, geo. 81. lynch x co who to",1
"o,ber named lynch the dispute",1
"o. fox, jas lynch",1
"o5n' mr. j. lynch mi n, caier",1
oad west of lynch,1
obacco.-the lynch,1
"obbs, and l lynch webb. bizem",1
"obs, arsons lynchinss, and",1
ocal of the lynch-,1
"ochctree lynch il co, harl",1
ocket of wm lynch,1
oct 10 % n lynch.,1
"ody of mary lynch, anutive of",1
"oe, anna c. lynch",1
"oen.oa oct"" lynch hin",1
of erection lynch,1
of franklin lynch,1
of geo. ii. lynch x 10 vino s,1
"of geo. il. lynch co, who sue",1
"of j. lynch, 7s q and 1",1
of jeremiah lynch; have not,1
"of lieut. lynch, denies tha",1
of lynch butler said,1
of lynch lac. crime ,1
"of lynch's precinct,",1
of lynchine,1
of lynchiug every tr,1
of poes lynch where they ,1
"of r. b. lynch, late city ",1
of smith lynch for the mur,1
of the code lynch and the,1
of the code lynch in its stea,1
of the code lynch. the murder,1
of the late lynchiug affair,1
of the lynch verdict-bis,1
"officer lynch, for cursin",1
"ogerty, jas lynch.",1
ogether and lynch court was h,1
ohbura.-the lynch,1
ohnsonvils. lynch.,1
"ohnsonvlle, lynch's",1
"ohue moore, lynch and barke t",1
oil ii lynch vs. clarke ,1
"ollins sanf lynch,",1
ome talk of lynchng brown,1
"omirick ii. lynch, do. jss. h",1
on butte co lynch tim new yor,1
"on of w. b. lynch, esq, com m",1
on reaching lynch,1
on ruin mr. lynch succeeded i,1
"on surgeon, lynch; pur-",1
"on the body lynch, the perpet",1
"on, lieut., lynch presented t",1
"on, lieut.. lynch, the com",1
"onas smith, lynch wilmington ",1
onday night lynch also,1
"oners-jones lynch, wilmington",1
"ones' ie-ke lynch, mse",1
"ones, rev p lynch and p ii s.",1
ong talk of lynch ing lane. l,1
"ontier, the lynchng process, ",1
"oore, peei, lynch anderson, c",1
oouno.. pat lynch,1
ople us. 7. lynch-misdcmeanor,1
or and mike lynch and hugh,1
or barter n lynch,1
"or jimmy lynch. they like,",1
"or william, lynch ot st. john",1
"order, jonn lynch",1
"ore justice lynch, who",1
orer h. j. lynch by a majori,1
"orfolk, and lynch",1
"orge ii. e. lynch,",1
oronile ana lynch,1
oroviie aud lynch,1
orovile and lynch,1
"orovllians, lynch",1
oroyile and lynch,1
"ort vs.. j. lynch, per. prop.",1
"ort, vs. j. lynch, per prop. ",1
"ort, vs. j. lynch, per. prop.",1
"ory of w.s. lynch & co., st l",1
os 10 cases lynch vi - cash. ,1
osed by the lynch,1
osed to all lynch,1
"oston; capt lynch, do; cyrus ",1
ot gee. 70. lynch y co vino s,1
ot george w lynch mary ann le,1
ot.-patiick lynch and jane:,1
other named lynch the dispute,1
"otice. mr.. lynch, q",1
"otion of p. lynch,",1
ought ia ha lynchad,1
ould excuse lynch lasc in cal,1
"ounp.-lieut lynch, in his voy",1
ount of the lynchipg of horse,1
our captain lynch,1
ources that lynch,1
ow del; c h lynch,1
"owa hill l, lynch's precinct ",1
"owing, that lynch was at",1
p lynch overseer. b,1
"p lynch, auburn pos",1
"p lynch, secret rav",1
p lynch. second pri,1
p sunday at lynch,1
"p, escaping lynchng only by",1
"p. lynch, fighting a",1
"p. lynch, secret ray",1
p.v'r 's- lynch hd not come,1
"pa,rick lynch, hugh toole",1
"pahannoek."" lynch6urg republi",1
"pany co. &. lynch csp,si : r.",1
"parrrcx lynch, cooper-boa",1
"pat lynch, and one or",1
"pat lynch, of the yas",1
"pat. lynch, chi,f eu..",1
patch dated lynch,1
pd geo. ii. lynch. j. n. cran,1
peal mr. j. lynch,1
"peera-wm f. lynch, d. j. mape",1
peier lynch for the sum,1
"peier lynch, for the su",1
"peter n. lynch, the latter",1
"petersburg, lynch |",1
petual lynch tribunal. t,1
ph of judgo lynch is,1
phiiip lynch has taken c,1
phillip lynch w. p. wing.,1
"pied by lynch \ plymircs,",1
plying the lynch code to the,1
police that lynch was the,1
pounled ala lynch what very,1
"pr.rkr lynch, for the of",1
pr1tr lynch for the sum,1
practice of lynch. ing deserv,1
presses and lynch the men,1
pril -..l e lynch,1
"pril 2f, 81 lynch.",1
pril. -i he lynch,1
private lynch or the nice,1
"private lynch, belonging ",1
proportion. lynch,1
prove fatal lynch pend to,1
prove fatal lynch pretend to,1
prung from 'lynch's ferry to ,1
"ps, captain lynch",1
pstriek lynch was convict,1
ptated mr.. lynch,1
pte 81 lynch compo.oi fo,1
punished by lynch-lav. five p,1
q lynch trial in ca,1
"qn p lynch, auburn pos",1
qual to mr. lynch's,1
qual to mr. lynchs,1
"quin, w. l. lynch, d.",1
r 'sr e. n. lynch.,1
"r and n. r. lynch, m. id.",1
"r creek.-j. lynch, b. meagher",1
r if vim b. lynch.,1
"r j. taylor lynch, chin cote ",1
r not. mr.. lynch mauuders an,1
"r of samaet lynch, jr. who br",1
"r of samuel lynch, it,, to th",1
"r of sonuet lynch, jr. commen",1
"r paintn j. lynch, esq for",1
r river and lynchs creek-abou,1
"r schr gen clynch, norris. mo",1
"r, captains lynch, maxsee, an",1
"r, joseph m lynch, dr.. j. l.",1
"r,,oe lynch and alderme",1
"r. crawford lynch, pet.s",1
"r. jas. ii. lynch, it went to",1
r. lynch aged % year,1
"r. russell, lynch, st. msrtin",1
r.. timothy lynch. no.,1
r.on called lynch. lynch and ,1
r1ng.-jerry lynch was order,1
rabbrnc and lynchino. at clin,1
"rachel h. lynch 3d. n, n,. ",1
"rachel t. lynch, flied",1
rained from lynch.,1
ral terms m lynch q co. offic,1
ranch of p. lynch or so much,1
"ranton ben, lynch",1
"raordinary, lynch habitually ",1
"raw ard l. lynch george "" am",1
rc thomas a lynch.,1
"rch 6, st. mlynch",1
rcumstances lynchs law we thi,1
rd .cned c. lynch the mother ,1
"rd and air. lynch, appear ch0",1
"re. oy "". 2 lynch.",1
reddngton d lynch the,1
rederick s. lynch-aso. of her,1
"reet, david lynch, edward x.",1
remain but lynch g. co. were,1
"ress, 2,2l0 lynch. wing,",1
"rev dr. lynch, catholic b",1
"rev. daniel lynch, at about t",1
"rev. pm. lynch, d. d. cath",1
rge ii. il. lynch sworn and e,1
rginia. the lynch,1
rginia.-the lynch,1
"rick lynch, contains a",1
ried by the lynch code convic,1
"riend, mr.. lynch, member of ",1
ril p - nj. lynch,1
"rily yours, lynch * davis",1
"ris, newell lynch, !. a. isi'",1
"ris, newell lynch, j. a. mai'",1
"ris, newell lynch, j. a. mart",1
"ris, newell lynch, j. a. msiu",1
rnate. mr.. lynch unable to a,1
rned in the lynchi & of deput,1
"rning jnds, lynch",1
robert lynch. of the mon,1
roniile aud lynch,1
ronillc and lynch,1
ronille aud lynch,1
rosille aud lynch,1
rot lie and lynch,1
rov lie aud lynch,1
roviile aud lynch,1
rovil!e and lynch,1
roville aid lynch,1
roville aud lynch,1
royille and lynch,1
"rro.. lynch a., chri.or",1
"rs bassett, lynch, mccauley",1
"rs follows: lynch,",1
rs fraty ni lynch s!iss bn,1
"rs, basset, lynch, mccauley n",1
"rs, bassett lynch, mccaulcy, ",1
"rs, holman, lynch knsas",1
rs. bridget lynch died from c,1
"rs. w goss, lynch, fool, k ds",1
rsburg. va; lynch,1
rson vaiiey-lynchinsi in pros,1
rt giren at lynch's ho-,1
"rt, knight, lynch, mr. philli",1
"rt, vs.. j. lynch, per. prop.",1
"rt, vs.. j. lynch. per. prop.",1
"rtinsville, lynch",1
rty of eier lynch to satisfy ,1
rty of said lynch. on,1
rudence mr. lynch resided in ,1
"ruly yours, lynch x davis.",1
ruville aud lynch,1
ry bank at. lynch; thayer agt,1
ry rs. joun lynch.-mr. lynch,1
"s anderson, lynch and barclay",1
"s constable lynch, and two or",1
"s for w. b. lynch, richland.",1
s found mr. lynch at bis post,1
"s halliday, lynch,",1
"s house, in lynch.",1
s in of one lynch.,1
"s in of one lynch. f ','",1
s ingls and lynch and alderma,1
s julia nj. lynch,1
s ledlent.- lynch,1
"s mdse, w b lynch, richmond; ",1
"s nofshting lynchng, but the ",1
s on trees. lynch's hw es ss ,1
"s own house-lynch lav -t,ro m",1
s pine land lynches lake. als,1
"s sar1. mi. lynch,",1
s songs and lynch's bal,1
s that mr.. lynch (formcrly o,1
s to andrew lynch,1
s to end at lynch's lake will,1
"s voted for lynch, in",1
"s work, but lynch refused dec",1
s {says the lynch,1
"s!uceway of lynch5 mil, about",1
"s, and mr.. lynch, tho",1
"s, bassett, lynch, mccauley,",1
"s, bassett, lynch, mccauley, ",1
"s, j asiige lynch, captain sl",1
s. does mr. lynch's certifica,1
s. w lynchenhm-hiotion,1
s. wing and lynch,1
sal. a- -. lynch,1
"sale ."""" jy lynch",1
sale bv ~ lynch.,1
sale by h. lynch.,1
sale by il. lynch.,1
sale by nj. lynch,1
sale by ~ lynch,1
sank. lynch was drowned,1
"sbofo', nc; lynchours could, ",1
sch johi lynch wilmington ,1
"schr lynchhurz, malhew",1
"schr wfenl lynch berlr, corn",1
schr wren lynch. from berli,1
"schr wren, lynch berlin corn",1
"schr wren. lynch, ch,ncoteag",1
"scir dayi. lynch chse.,on 2d",1
"scott. lynch. mcheli, jo",1
"se brennan, lynch grrigsn .nd",1
"se. finding lynch, he denied",1
se; francis lynch. henry sota,1
"sehr wfea. lynch, from cherr",1
"sehr yson,b lynch, virginia",1
serg.-l. g. lynch 4th-t. c. c,1
"sett, lynch mccauley, n",1
"sfhr ben lynch, wilmington",1
she lynch-seereiter m,1
ship no. 9. lynch hotel--ihos,1
"shouting. ""lynch them lynch ",1
"si,sr., and lynchhsrg. matthi",1
"side crust. lynch appears, fe",1
sion of the lynch yerct-his d,1
sion of the lynch yerdchis de,1
siou of the lynch verjcth dec,1
situated in lynch,1
"sl terms. m lynch = ro ,tsc. ",1
"sl terms. m lynch co, once, 7",1
"smith, lynch, wilmington",1
snd geo. ii lynch. j. nj. cra,1
some lieut. lynch,1
son hunt j. lynch. baler e. b,1
"son of mr.. lynch, ten",1
son of this lynch fitz-ste-,1
"son, and lynch. jones was ",1
sonn aisha lynch from john n,1
soundly lynchcd. his own ,1
"spaper, the lynchng of abolti",1
spector il. lynch.,1
"spector, p. lynch; judges; l.",1
"spector; p. lynch, geo elmore",1
sr n tsylor lynch chncotsss0e,1
sr'pci1n at lynchs house gan-,1
"srs miller, lynch, kidd parke",1
"ss anne g.. lynch, in ninth",1
"ss annie q. lynch, the distin",1
"ss susan r. lynch, both of th",1
ssembled at lynch's,1
ssession by lynch.,1
"ssr asss, lynch from 81 jos",1
"stables, wm lynch,",1
stated that lynch and,1
stmaster at lynch,1
stom caused lynch to be suppl,1
stration of lynch,1
stricts. at lynch,1
sud town of lynchhur9.,1
suicide of lyncher in iowa.-,1
sunday al a lynch,1
"surface, at lynch.",1
"t .'. ""i- n lynch",1
t and until lynch had es-,1
t arrive 1t lynch,1
t by anne u lynch auiuinn,1
"t chandler, lynch, boston, is",1
t chandler. lynch and lamarti,1
t commander lynch is already,1
"t good mr.. lynch,",1
t ieutenant lynch's new book-,1
t ieutenant lynchs new book-n,1
"t is, jacob lynch",1
t jcsais a. lynch the beloved,1
t julia lynch hav,1
"t l6, 81 m. lynch.",1
t notorious lynch (bettcr,1
t o geo 81. lynch q 90 wac su,1
t o p leave lynchours al o. a,1
t of bed by lynch,1
"t of geo "". lynch 60 who sue ",1
"t of geo "". lynch co who sue ",1
"t of geo a. lynch * co, who s",1
t of geo h. lynch & co vino s,1
t of geo h. lynch \ co vino s,1
"t of geo h. lynch co :, who s",1
t of geo n. lynch 20 wac sue ,1
t of geo u. lynch il to who s,1
t of geo u. lynch l. co who s,1
"t of geo u. lynch to, wac sue",1
t of geo ~. lynch 30 who sue ,1
t of geo ~. lynch co .who sue,1
t of geo ~. lynch to who sue ,1
t of'geo u. lynch co who sue ,1
"t oi geo u. lynch & co, who s",1
t ot geo h. lynch & 20 who su,1
"t ot geo u. lynch 20 ,whn sue",1
t ot geo u. lynch 4 co who 10,1
t ot geo y. lynch 4 to who su,1
"t richmond, lynch",1
t they will lynch the murdere,1
t year-that lynch is elected ,1
"t. russell, lynch virginia, c",1
tained him. lynch was 81 year,1
"tained that lynch, the whdte ",1
tance above lynch s,1
tances. the lynch,1
tanhope jas lynch.,1
te man. the lynch court decid,1
ted in some lynch,1
tember. ohm lynch,1
"tenant. lynch s,ss9a ss'1",1
tend. w. a. lynch. c.ptsln.,1
"tenn; david lynch, va; j. waf",1
"tent, lynch again plung",1
ter to capt lynch,1
"ter, george lynch, j. p. harr",1
"ter, wilson lynch",1
terian dr.. lynch catho-,1
termined 10 lynch every one i,1
ters caught lynch and downed ,1
tersburg 10 lynch,1
tesville or lynch,1
"th, john f. lynch and han.",1
"that lieut. lynch, the comman",1
that mr. lynch had previou,1
that mr.. lynch had nothing,1
the at mr.. lynch's l96 9thst,1
the days of lynch. ihe courts,1
the fellow lynchcd.,1
"the gag-and-lynch and ""rid-ou",1
the late lynch executtons-,1
the lynch code. of co,1
the lynch murder in a,1
the lynch order and t,1
the lyncheurg tragedy,1
the name of lynch hoth made r,1
the nane of lynch belding. $.,1
the ooor of lynchs cell had b,1
the town of lynch,1
"ther by 1t. lynch,",1
"they are in lynch's yard, and",1
thoma' lynch agt. john m,1
"thority of ""lynch, ;"" or, as ",1
"thorlty of lynch"" or, as the",1
"thos lynch, martin gro",1
"thos. lynch, esq, freem",1
threatening lynch,1
threatening lynch their honor,1
"ti, ohio p. lynch, new york, ",1
ti- tuents.-lynch6urg virgint,1
tie recent lynch tragedy n w,1
"tie. ii l. lynch,",1
ties mat lynch is editor.,1
"ting, w. b. lynch, richland; ",1
"tion by mr. lynch, and prelim",1
tion of law lynch,1
tion of pat lynch,1
tion of pat lynch for,1
tion of the lynch code,1
tion of the lynch code by the,1
tis orleans lynch,1
tlynchduig.. .....,1
tment. jas. lynch. the watchm,1
"tn,ials. k lynch, j c.... q.",1
tn. lynch's,1
"tner. lilly lynch, means. mar",1
"tness, mary lynch",1
tnessed the lynch,1
to be named lynch was yester-,1
to drown or lynch,1
to mr.. lynch is as much ,1
to mr.. lynch-also keep p,1
to see mr.. lynch's name at t,1
to the code lynch the state o,1
"tolen.-from lynch's ranch, be",1
"tolen.-from lynch's ranch, he",1
ton and lynch.,1
ton of rock lynch &williams,1
tor bong j. lynch. aud neithe,1
"tory q vs.. lynch < co, st l,",1
"towers, lynch, mccauey, n",1
town on the lynch,1
tratton and lynch addressed t,1
tratton and lynch we're at be,1
"tratton and lynch, addressed ",1
"tratton and lynch, democratic",1
"tratton and lynch, nominees",1
trd lynch be woud sui,1
triumph of lynch for sheriff,1
truly yours lynch g davis.,1
truments of lynch-law outrage,1
ts drmibick lynch o. y. barne,1
"ts, vim. +. lynch",1
"ture, iames lynch. [ new-yor ",1
"ture. w. b. lynch, richmond; ",1
turner lynch,1
"ty of being lynchcd. pledge, ",1
ty of petsy lynch to satisfy ,1
ty ycar id. lynch,1
"ty, biloxi, lynch",1
u#. -# - d. lynch,1
uch is mr.. lynchs defense. n,1
"uct of dir. lynch. if so,",1
"udge of the lynch court,",1
"udges noah, lynch. &c c with ",1
uly $50. n. lynch.,1
"uly 6, so m.lynch.",1
uly 6. 80 m.lynch.,1
und.-lieut. lynch in his voya,1
unday a. at lynch,1
"under 1t. lynch, u. s. n, i",1
"under the lynch code, by th",1
untry about lynch,1
upporter of lynch aid the edi,1
ur ungh lynch of no 5 cen,1
urgeon--a m lynch.,1
urlne. mr.. lynch mrs fraty m,1
uronile and lynch,1
uronllle ia lynch 81,1
urtis n q lynch aex2 shuts ,1
"use of mike lynch, on j.",1
"use, powell lynch boodsnod, m",1
"usiness for lynch,",1
uthority of lynch; butt in th,1
"v. benjamin lynch, newport, r",1
"va; col. lynch, s. g.. j. ",1
vate lynch to be on th,1
"vate martin lynch, of",1
"ve, by w, r lynch,",1
"veral other lynch men, as the",1
veral years lynch came out of,1
"verine.-mr. lynch, who was sh",1
vertise 2-lynch6agg erpress,1
"veuio,gen lynch, toledo, oh",1
"vhe firm of lynch & murphy, w",1
vi. lynch,1
vim lynch vs.. vim ii,1
vim. b. lynch,1
vim. b. lynch.,1
vim. r. b. lynch ii. ii beld,1
"vim. s. lynch; company e,",1
"vle lynchs creek, and",1
vr hy w. r. lynch. [ : y com ,1
w and ellen lynch. and the ex,1
"w commander lynch, of ."" dead",1
w stouey lynch charleston ,1
w' that mr. lynch,1
w- jeremiah lynch never he's,1
"w. b. lynch, of saline ",1
w. b. lynch. nj d.,1
w. b. lynch. nj. d..,1
w. f. lynch has bean ap,1
"w. f. lynch, u. s n, ex",1
"walden, vi. lynch, w. f. engl",1
"want, w. f. lynch,",1
"weatherwax. lynch, mark",1
where capt. lynch of,1
which lynch received rs,1
"which major lynch lived, !",1
"whidc, when lynch produced pi",1
wibifred lynch was convict,1
"wife. greer lynch, daniel sho",1
wife. lynch not coming ,1
"withberton, lynch, flem.",1
"wly escaped lynchipg !,",1
"wm. b. lynch, ]",1
"wound. mr.. lynch's brother, ",1
x aiser jno lynch,1
xaminer and lynch,1
xcep sunday lynch,1
"xles. = its lynch pins,",1
"y 6, so. n. lynch.",1
"y 6, so. u. lynch.",1
"y 6. 50. "". lynch.",1
y 6. so. n. lynch.,1
"y 9, 50. n. lynch.",1
"y ambrose - lynch, and ai si7",1
y arrive al lynch,1
y arrive at lynch,1
y escaped a lynch,1
"y garb, the lyncher being lyn",1
y george w. lynch. of sing si,1
"y hospital, lynchoug. and vii",1
y isaac ] s lynch ecws: beile,1
y law. mr.. lynch cave,1
y man named lynch.,1
y man named lynch. the,1
y miss anne lynch the poetess,1
y mt arrive lynch,1
"y net lynch, john lov~t",1
"y q, 80 vi. lynch.",1
"y rev. mr.. lynch, mr..",1
y sunday at lynch,1
y thomas t. lynch.,1
y virtue of lynch's law. (tyi,1
y wanted 70 lynch,1
y's bridge. lynchwood and per,1
"y, ""what is lynch's law"" 1t m",1
y-h dist. ~ lynch y co .,1
y. lynch to the once,1
"york, by lynch d cole says",1
"zens, j. w. lynch, and pro-",1
{the lynchsrs may rece,1
"| 4 ambrose lynch, q. the sub",1
| a il m. lynch's,1
"| lynch, of campbel",1
"| lynch, of the tha",1
"~ ""b. m. lynch, no. 100 lo",1
~ a9d salem lynchng richmond ,1
"~ mr.. lynch, from the c",1
~rs holman. lynch. kavnnagh n,1
